{
  "generated_at": "2026-04-22T13:47:12+00:00",
  "results": [
    {
      "n_files": 1000,
      "graph_build_s": 0.10392845800379291,
      "graph_bytes": 633076,
      "runs": 50,
      "mean_ms": 31.7313058685977,
      "p50_ms": 30.978896014858037,
      "p95_ms": 34.70727663661819,
      "p99_ms": 40.791978100314715,
      "min_ms": 29.486167011782527,
      "max_ms": 46.08187504345551
    },
    {
      "n_files": 10000,
      "graph_build_s": 0.6855092500336468,
      "graph_bytes": 6443667,
      "runs": 20,
      "mean_ms": 115.76108940062113,
      "p50_ms": 116.14997900323942,
      "p95_ms": 117.10073332651518,
      "p99_ms": 118.09798027272336,
      "min_ms": 113.20229101693258,
      "max_ms": 118.3472920092754
    },
    {
      "n_files": 25000,
      "graph_build_s": 1.8402188339969143,
      "graph_bytes": 16206480,
      "runs": 20,
      "mean_ms": 279.00040819949936,
      "p50_ms": 278.97391651640646,
      "p95_ms": 282.2442954930011,
      "p99_ms": 283.9556254737545,
      "min_ms": 275.1882909797132,
      "max_ms": 284.3834579689428
    },
    {
      "n_files": 50000,
      "graph_build_s": 4.022182542015798,
      "graph_bytes": 32473031,
      "runs": 20,
      "mean_ms": 574.8738165508257,
      "p50_ms": 573.6976250191219,
      "p95_ms": 587.9471978958463,
      "p99_ms": 588.8147059705807,
      "min_ms": 561.9157079490833,
      "max_ms": 589.0315829892643
    }
  ]
}